{"cameraMode":{"drawMode":0,"name":"Shaded","section":"Shading Mode"},"sceneLighting":false,"audioPlay":false,"sceneViewState":{"showFog":false,"showMaterialUpdate":false,"showSkybox":false,"showFlares":false,"showImageEffects":false,"showParticleSystems":false,"showVisualEffectGraphs":true,"m_FxEnabled":true},"in2DMode":false,"pivot":{"x":0.08644604682922363,"y":-0.20386746525764466,"z":0.062199413776397708},"rotation":{"x":-0.3083553910255432,"y":-0.515648365020752,"z":0.20585228502750398,"w":-0.7724624276161194},"size":1.0609772205352784,"orthographic":false}